{"f2f3cc0c-0aa9-80cd-8004-44f88897ba92":{"name":"UNAB NARANJA","color":"#ff9929","opacity":1,"path":""},"f2f3cc0c-0aa9-80cd-8004-44f89a2df24f":{"name":"UNAB VERDE","color":"#95cc45","opacity":1,"path":""},"f2f3cc0c-0aa9-80cd-8004-44f8a7ff5093":{"name":"UNAB AZUL","color":"#00b9f2","opacity":1,"path":""},"f2f3cc0c-0aa9-80cd-8004-44f8b5fa3cd0":{"name":"UNAB PURPURA","color":"#632896","opacity":1,"path":""},"f39e5b14-8968-8007-8004-451cbcf6af21":{"name":"Azul Alternativo","color":"#2769da","opacity":1,"path":""}}